<?xml version="1.0" encoding="UTF-8" ?>

<templates>
    <t t-name="owl.MembershipStatus" owl="1">
        <div class="control-button membership-status-active-button"  t-if="isActive">
            <i class="fa fa-user" />
            <span>Membership Active</span>
        </div>
        <div class="control-button membership-status-inactive-button" t-if="!isActive" >
            <i class="fa fa-user"/>
            <span> Membership Inactive </span>
        </div>
    </t>
        
        
</templates>



